age,tumor_stage,treatment_type,lymph_nodes,tumor_size_cm,relapse
68,I,Radiation,2,2.76,0
81,I,Hormonal,0,4.59,0
58,I,Hormonal,14,3.73,1
44,II,Chemo,9,3.12,1
72,III,Hormonal,4,4.09,1
37,II,Surgery,14,4.39,0
50,I,Hormonal,0,2.56,0
68,III,Hormonal,0,2.64,0
48,III,Surgery,1,2.24,1
52,I,Chemo,12,4.85,0
40,III,Chemo,3,3.64,1
40,IV,Surgery,5,0.87,1
53,I,Surgery,7,4.38,0
82,III,Surgery,12,2.66,1
65,III,Hormonal,2,0.81,0
69,II,Surgery,0,2.97,0
53,I,Radiation,2,2.38,0
32,I,Hormonal,11,4.45,0
51,III,Chemo,2,1.42,0
82,IV,Chemo,4,4.22,1
31,II,Chemo,10,3.01,0
53,II,Hormonal,11,0.75,0
73,II,Radiation,11,4.87,1
59,II,Surgery,3,2.81,0
67,II,Surgery,12,1.81,0
31,I,Chemo,3,2.61,0
50,III,Chemo,8,4.36,1
62,II,Hormonal,6,1.87,0
41,III,Radiation,3,1.37,0
51,I,Surgery,2,1.08,0
73,I,Hormonal,5,1.84,0
54,I,Surgery,2,4.01,0
78,II,Chemo,5,2.62,0
56,IV,Surgery,10,1.52,1
71,I,Radiation,12,1.25,0
57,III,Radiation,10,2.0,1
45,II,Chemo,12,4.73,0
44,III,Radiation,12,2.04,1
76,I,Radiation,11,4.95,0
80,III,Hormonal,8,2.68,1
73,III,Surgery,5,1.31,0
84,I,Chemo,11,4.51,0
81,I,Chemo,3,2.57,0
32,III,Chemo,14,3.69,1
66,IV,Chemo,4,4.93,1
80,I,Chemo,12,0.73,0
36,III,Radiation,5,0.94,1
50,IV,Hormonal,10,3.74,1
38,III,Chemo,2,1.77,0
68,IV,Hormonal,7,1.33,1
47,III,Hormonal,3,0.68,0
33,II,Radiation,7,0.6,0
54,II,Chemo,9,3.99,0
43,II,Radiation,9,1.1,0
79,III,Chemo,2,2.6,0
38,III,Radiation,9,3.23,1
55,I,Hormonal,6,2.43,0
82,III,Chemo,10,0.62,1
31,III,Surgery,12,4.03,1
49,II,Hormonal,11,0.55,0
57,II,Surgery,8,3.93,1
76,II,Hormonal,3,4.52,0
36,I,Radiation,7,2.45,0
73,I,Chemo,2,2.91,0
37,I,Hormonal,6,2.65,0
76,I,Radiation,2,2.25,0
64,II,Chemo,11,4.49,1
43,II,Chemo,14,4.52,0
46,I,Hormonal,14,2.01,0
65,III,Chemo,6,3.27,1
79,I,Hormonal,13,4.67,0
69,IV,Chemo,10,4.83,1
33,IV,Surgery,9,2.79,1
31,I,Radiation,9,2.54,1
35,II,Surgery,10,1.75,0
83,I,Hormonal,10,4.81,1
71,II,Surgery,5,1.14,0
33,II,Hormonal,1,3.11,0
83,I,Chemo,10,1.77,0
58,II,Chemo,2,1.76,0
47,I,Hormonal,5,2.32,0
55,I,Surgery,13,4.99,0
73,II,Chemo,3,0.75,0
63,II,Radiation,5,3.1,0
39,II,Chemo,0,0.87,0
65,II,Radiation,9,1.2,0
43,IV,Surgery,11,2.48,1
60,I,Radiation,0,2.8,0
77,II,Radiation,2,1.66,0
44,II,Radiation,7,1.92,0
37,II,Radiation,7,0.89,0
43,IV,Chemo,10,1.86,1
52,III,Radiation,3,4.85,1
69,II,Chemo,5,4.75,0
50,III,Radiation,14,2.01,1
45,IV,Hormonal,7,3.07,1
74,IV,Surgery,6,4.59,1
47,III,Radiation,10,0.53,1
76,III,Hormonal,6,4.15,1
82,I,Radiation,12,4.77,0
53,I,Radiation,3,0.91,0
55,II,Radiation,8,1.23,0
54,I,Hormonal,11,4.82,1
74,II,Surgery,9,2.92,0
70,I,Hormonal,5,0.56,0
58,II,Surgery,13,1.66,0
44,III,Radiation,11,2.52,1
74,IV,Chemo,10,3.62,1
30,I,Radiation,2,3.8,0
54,II,Surgery,4,4.98,0
36,III,Hormonal,4,1.79,0
38,I,Radiation,13,2.92,0
53,III,Hormonal,4,2.9,0
30,II,Hormonal,7,2.33,0
73,II,Hormonal,8,1.26,0
37,IV,Radiation,12,4.9,1
53,I,Hormonal,8,4.34,0
40,II,Hormonal,12,2.74,0
80,III,Radiation,5,3.21,1
46,I,Hormonal,5,1.52,0
37,II,Radiation,8,2.95,0
64,IV,Surgery,3,3.63,1
64,I,Surgery,5,2.82,0
62,III,Surgery,3,4.96,1
34,II,Hormonal,10,3.25,1
71,II,Chemo,0,2.17,0
68,II,Chemo,6,3.97,0
70,I,Hormonal,13,1.27,0
57,IV,Chemo,9,2.23,1
36,IV,Radiation,10,2.06,1
38,II,Chemo,11,2.44,0
37,III,Hormonal,5,4.02,0
41,II,Hormonal,8,2.68,0
63,II,Radiation,6,4.07,0
62,II,Surgery,12,3.09,1
77,II,Hormonal,6,2.04,0
84,II,Radiation,1,4.14,1
52,III,Chemo,11,1.57,1
53,II,Chemo,10,1.51,0
66,I,Radiation,14,2.77,0
64,I,Radiation,8,1.67,0
73,II,Hormonal,9,0.54,0
69,III,Chemo,8,3.42,1
51,II,Radiation,5,2.8,0
56,II,Chemo,12,2.5,0
64,II,Radiation,2,4.85,0
30,II,Chemo,0,3.07,0
64,II,Surgery,3,4.39,0
66,II,Hormonal,13,1.13,0
76,III,Chemo,13,3.06,1
43,III,Surgery,2,4.41,1
32,II,Chemo,13,3.12,1
30,I,Chemo,11,3.73,0
34,I,Surgery,0,2.17,0
55,I,Chemo,2,0.92,0
84,II,Chemo,13,2.56,0
43,II,Hormonal,13,2.28,0
68,II,Surgery,3,4.4,0
56,II,Surgery,12,1.6,0
38,I,Radiation,12,4.85,0
44,II,Chemo,14,4.81,0
44,I,Hormonal,13,1.61,0
55,II,Chemo,7,2.07,0
71,I,Chemo,8,4.53,0
42,III,Radiation,2,4.85,1
80,I,Chemo,5,2.5,0
61,IV,Hormonal,9,1.94,1
68,II,Hormonal,10,2.87,0
78,III,Radiation,14,3.59,1
81,II,Chemo,4,1.73,0
61,III,Hormonal,5,3.81,0
33,III,Chemo,3,0.73,1
59,II,Chemo,9,0.72,0
66,II,Chemo,5,2.24,0
52,II,Radiation,6,2.09,0
68,II,Chemo,8,1.92,1
74,I,Hormonal,9,2.71,0
44,II,Chemo,6,1.94,0
72,II,Hormonal,5,1.37,0
58,II,Chemo,0,1.89,0
65,III,Hormonal,1,4.89,1
42,II,Hormonal,0,2.35,0
61,IV,Chemo,8,2.5,1
36,I,Chemo,9,3.09,0
80,II,Hormonal,9,4.93,1
51,II,Surgery,8,1.59,0
57,II,Radiation,6,3.57,0
31,III,Surgery,12,3.72,1
71,I,Surgery,1,3.23,0
74,III,Chemo,5,0.9,1
82,II,Radiation,10,3.55,0
35,II,Surgery,3,0.79,0
57,II,Chemo,0,3.18,0
57,II,Surgery,0,3.83,0
73,II,Surgery,11,1.45,0
73,II,Chemo,4,4.29,0
49,I,Chemo,11,0.64,0
59,II,Chemo,1,4.3,0
40,I,Radiation,3,2.57,0
84,II,Surgery,0,1.48,0
57,II,Chemo,3,1.1,0
54,II,Hormonal,10,4.79,0
68,II,Surgery,5,0.83,0
62,I,Hormonal,9,1.4,0
30,II,Radiation,3,2.07,0
56,II,Chemo,0,3.29,0
81,II,Hormonal,6,2.95,0
42,III,Radiation,13,1.07,0
70,I,Chemo,1,1.8,0
32,II,Hormonal,8,1.57,0
68,II,Hormonal,12,1.46,0
35,II,Radiation,2,2.35,0
37,I,Chemo,7,3.67,1
56,I,Chemo,12,1.48,0
38,III,Hormonal,7,2.15,0
66,II,Hormonal,2,2.26,0
62,II,Hormonal,3,4.89,0
80,II,Chemo,1,4.8,0
71,II,Radiation,3,4.1,0
73,I,Radiation,10,1.59,0
53,II,Chemo,10,0.81,0
44,II,Surgery,10,1.93,0
83,IV,Radiation,13,1.7,1
61,I,Hormonal,8,2.78,0
61,II,Surgery,1,4.0,0
53,II,Surgery,11,4.36,1
70,II,Radiation,11,4.3,1
81,II,Surgery,12,2.12,0
78,II,Surgery,2,3.59,0
78,III,Radiation,14,1.91,1
81,III,Radiation,10,0.77,1
41,II,Surgery,10,3.66,1
68,III,Hormonal,14,0.54,1
31,II,Chemo,3,2.34,0
32,II,Surgery,4,1.98,0
78,I,Surgery,0,3.62,0
66,IV,Hormonal,6,3.95,1
78,I,Surgery,13,1.87,0
46,I,Surgery,9,4.15,0
78,I,Chemo,6,1.82,0
31,II,Chemo,8,2.51,0
31,I,Chemo,3,3.77,0
57,I,Radiation,13,3.62,0
83,I,Radiation,13,4.94,1
52,I,Chemo,5,1.51,0
66,II,Chemo,10,3.48,1
61,II,Radiation,1,3.24,0
62,II,Hormonal,11,4.62,1
30,II,Surgery,11,1.2,0
48,II,Surgery,13,3.88,1
31,I,Chemo,3,3.06,0
82,II,Hormonal,1,1.74,0
73,IV,Radiation,9,2.63,1
55,II,Chemo,4,2.0,0
61,I,Hormonal,14,3.11,1
35,II,Hormonal,6,4.5,1
61,II,Hormonal,12,3.06,1
84,II,Radiation,0,3.34,0
33,I,Radiation,14,2.83,0
84,I,Surgery,9,0.73,0
40,I,Surgery,9,1.55,0
46,IV,Hormonal,6,2.71,1
67,III,Hormonal,9,1.9,1
53,I,Radiation,12,1.32,0
34,I,Surgery,5,2.77,0
81,III,Hormonal,5,1.95,0
63,I,Surgery,11,1.66,1
35,I,Surgery,7,2.59,0
51,IV,Hormonal,7,1.1,1
40,I,Radiation,5,4.67,0
77,II,Hormonal,2,4.4,0
45,IV,Hormonal,4,3.68,1
62,II,Surgery,1,0.98,0
38,I,Hormonal,14,3.99,1
35,I,Radiation,13,4.14,1
45,III,Hormonal,4,3.95,1
58,III,Radiation,13,1.01,1
32,III,Radiation,8,3.4,1
49,I,Surgery,9,4.25,1
65,III,Chemo,0,3.1,1
48,IV,Chemo,9,3.41,1
55,II,Surgery,4,2.56,0
32,IV,Hormonal,11,2.88,1
48,III,Surgery,5,0.65,1
49,II,Radiation,13,3.38,1
61,II,Chemo,10,0.87,0
36,II,Surgery,6,2.46,0
81,I,Hormonal,8,1.82,0
70,II,Surgery,5,2.95,0
62,II,Chemo,4,1.1,0
69,III,Surgery,11,3.61,1
68,IV,Surgery,6,4.08,1
47,III,Chemo,12,1.24,1
69,I,Radiation,0,0.97,0
30,I,Radiation,10,1.15,0
40,I,Chemo,13,4.45,1
57,II,Surgery,4,2.88,0
54,III,Chemo,14,2.6,0
79,IV,Radiation,1,0.98,1
52,II,Hormonal,3,3.42,0
60,IV,Surgery,6,4.41,1
59,III,Radiation,4,4.23,1
71,II,Surgery,11,3.32,1
64,III,Chemo,5,0.84,1
36,II,Hormonal,1,1.01,0
45,I,Chemo,2,0.72,0
55,II,Hormonal,6,1.66,1
77,II,Surgery,10,1.11,0
81,II,Surgery,1,1.67,0
78,II,Chemo,11,2.23,0
31,II,Hormonal,5,4.74,0
30,II,Hormonal,4,3.25,0
77,II,Surgery,9,4.26,1
41,II,Chemo,0,3.7,0
34,II,Hormonal,11,1.01,0
66,II,Surgery,10,3.81,1
61,I,Radiation,14,1.74,0
84,II,Chemo,9,3.38,0
38,I,Radiation,10,2.03,0
70,II,Chemo,3,4.99,0
64,III,Surgery,10,1.69,0
48,II,Hormonal,1,1.76,0
77,II,Hormonal,3,4.69,0
45,IV,Hormonal,0,0.61,1
32,III,Chemo,1,3.64,0
49,IV,Surgery,12,3.76,1
53,III,Radiation,7,4.26,1
83,I,Surgery,5,4.88,0
62,I,Radiation,1,4.89,0
53,II,Chemo,11,0.79,0
81,I,Chemo,14,4.2,1
40,II,Radiation,5,3.41,0
78,II,Radiation,9,3.41,1
37,II,Radiation,8,1.08,0
65,III,Surgery,6,3.43,1
67,III,Radiation,8,4.92,1
69,II,Chemo,4,4.6,0
49,III,Chemo,6,2.48,1
64,II,Hormonal,10,0.68,0
77,III,Radiation,14,2.13,1
54,I,Surgery,13,4.22,1
64,IV,Surgery,6,3.66,1
54,II,Surgery,11,2.57,0
58,II,Hormonal,11,0.75,0
47,I,Chemo,2,2.42,0
75,II,Surgery,6,2.61,1
47,I,Chemo,0,4.68,0
31,I,Hormonal,8,3.38,1
83,II,Radiation,9,1.9,1
64,II,Radiation,12,2.86,0
45,II,Radiation,5,0.8,0
70,IV,Surgery,4,4.88,1
65,II,Radiation,6,2.12,0
62,II,Surgery,4,2.65,0
33,I,Hormonal,9,2.1,0
62,III,Hormonal,4,3.57,1
43,II,Surgery,10,3.48,0
50,IV,Chemo,9,3.72,1
77,III,Radiation,10,1.71,1
49,II,Radiation,6,1.92,0
37,I,Radiation,9,1.06,0
36,III,Surgery,14,3.45,1
32,III,Hormonal,6,0.68,1
46,I,Radiation,12,3.19,1
62,I,Hormonal,10,4.41,1
77,III,Radiation,14,4.51,1
41,I,Radiation,2,2.52,0
80,IV,Surgery,2,2.57,1
51,II,Chemo,9,0.85,0
84,I,Surgery,11,3.52,1
51,III,Radiation,12,4.2,1
75,II,Radiation,14,1.6,0
59,II,Chemo,2,2.4,0
67,I,Hormonal,5,4.27,0
67,I,Hormonal,11,4.45,0
74,II,Radiation,14,1.59,0
80,II,Hormonal,5,2.98,0
83,II,Radiation,12,1.37,0
37,III,Chemo,12,0.96,1
56,II,Chemo,2,4.6,0
56,I,Radiation,2,4.19,0
63,II,Chemo,7,3.92,1
50,IV,Surgery,7,0.72,1
59,III,Surgery,6,4.3,1
62,II,Chemo,9,2.47,0
57,I,Radiation,3,2.04,0
76,II,Radiation,14,2.96,0
62,III,Chemo,3,0.91,0
34,III,Hormonal,2,3.9,1
77,II,Surgery,4,3.12,0
48,III,Hormonal,2,1.34,0
33,III,Radiation,12,1.35,1
64,I,Radiation,7,1.33,0
78,II,Hormonal,6,0.76,0
46,I,Chemo,12,3.15,0
73,I,Hormonal,2,4.28,0
57,III,Hormonal,8,0.58,1
59,II,Surgery,11,0.72,0
58,II,Surgery,13,3.08,1
75,I,Hormonal,12,4.19,0
82,II,Hormonal,4,1.97,0
35,I,Radiation,8,2.07,0
64,I,Surgery,6,3.18,1
70,II,Surgery,14,1.73,0
66,I,Radiation,6,0.62,0
53,II,Chemo,5,3.81,0
58,I,Surgery,1,3.32,0
78,I,Surgery,8,3.11,0
75,I,Chemo,5,3.84,0
82,II,Surgery,7,3.54,0
60,II,Surgery,0,1.43,0
64,II,Chemo,4,2.09,0
62,II,Chemo,11,1.07,0
81,III,Hormonal,0,1.08,0
50,I,Radiation,9,3.54,1
61,II,Radiation,10,4.36,0
52,III,Chemo,13,4.83,1
62,II,Chemo,7,3.33,1
32,II,Surgery,7,1.33,0
47,IV,Hormonal,0,0.98,1
54,III,Hormonal,8,4.16,1
71,I,Chemo,1,3.1,0
60,II,Surgery,11,3.28,1
83,II,Surgery,8,4.02,1
32,II,Radiation,0,3.66,0
69,II,Radiation,11,4.26,0
75,II,Surgery,9,0.75,0
53,II,Radiation,13,3.86,0
79,II,Chemo,13,4.33,1
61,III,Surgery,8,1.79,1
76,II,Radiation,3,3.38,0
51,I,Hormonal,8,1.91,0
52,II,Surgery,6,4.81,0
31,I,Surgery,10,0.65,0
56,II,Hormonal,5,3.11,0
71,II,Chemo,14,1.25,0
31,I,Hormonal,4,3.7,0
55,II,Surgery,10,1.29,0
46,I,Chemo,8,1.56,0
69,I,Radiation,1,2.72,0
62,II,Radiation,13,4.62,1
38,II,Radiation,12,1.45,0
72,IV,Surgery,10,1.15,1
83,II,Hormonal,13,3.92,0
77,II,Chemo,11,2.75,0
68,II,Radiation,1,4.6,0
58,I,Chemo,10,1.16,0
71,IV,Surgery,11,3.41,1
84,II,Radiation,14,1.55,0
55,III,Surgery,8,1.21,0
64,I,Hormonal,11,3.58,1
79,II,Surgery,2,3.17,0
54,II,Surgery,7,3.9,0
53,III,Hormonal,10,1.89,0
42,I,Chemo,14,2.52,1
36,II,Hormonal,8,2.32,0
65,IV,Hormonal,7,4.93,1
74,II,Surgery,3,1.82,0
49,II,Chemo,11,1.83,0
30,I,Radiation,0,2.1,0
37,IV,Hormonal,3,3.04,1
75,I,Chemo,13,1.64,0
45,III,Hormonal,8,4.62,1
43,III,Hormonal,1,1.7,0
41,I,Hormonal,2,4.53,0
80,II,Hormonal,9,0.97,0
52,I,Surgery,7,3.45,0
44,I,Chemo,5,4.58,0
57,III,Chemo,7,1.26,1
63,III,Chemo,6,4.86,1
31,II,Hormonal,13,2.54,0
61,II,Surgery,12,4.76,0
52,I,Hormonal,12,3.55,0
51,I,Hormonal,4,1.86,0
80,I,Chemo,8,1.35,0
54,I,Hormonal,3,1.87,0
51,II,Radiation,5,0.92,0
51,II,Hormonal,1,1.15,0
78,II,Radiation,14,0.97,0
81,I,Hormonal,1,2.4,0
71,II,Surgery,1,4.08,0
35,III,Surgery,9,1.14,1
44,I,Chemo,6,1.09,0
83,IV,Hormonal,12,3.4,1
72,III,Radiation,1,1.39,0
66,I,Radiation,14,0.94,0
62,III,Hormonal,14,1.25,1
37,II,Radiation,11,4.66,0
82,II,Surgery,14,4.2,0
73,II,Radiation,12,2.09,0
73,II,Chemo,1,3.45,0
34,II,Surgery,14,2.92,0
68,II,Surgery,8,3.55,1
33,II,Surgery,6,3.57,1
35,II,Hormonal,10,3.33,0
74,II,Hormonal,2,1.7,0
61,III,Surgery,2,0.68,0
81,I,Hormonal,6,2.55,0
59,I,Radiation,4,4.51,0
76,III,Hormonal,9,3.06,1
64,II,Hormonal,13,4.25,1
84,I,Surgery,13,4.96,1
69,I,Chemo,5,1.24,0
81,I,Chemo,12,3.61,0
45,IV,Chemo,11,3.53,1
42,II,Radiation,7,4.91,0
79,IV,Hormonal,8,4.94,1
71,II,Chemo,0,3.59,0
59,II,Surgery,2,1.6,0
48,II,Chemo,10,4.09,1
46,II,Chemo,6,0.98,0
48,I,Hormonal,5,4.01,0
57,III,Hormonal,6,4.6,1
84,III,Hormonal,7,2.22,1
55,II,Radiation,5,3.34,0
66,IV,Radiation,2,2.44,1
55,III,Chemo,1,2.47,0
82,II,Hormonal,11,1.9,0
52,I,Chemo,6,3.93,1
38,II,Surgery,11,4.71,0
41,II,Surgery,11,4.73,1
82,I,Hormonal,11,1.29,0
30,I,Hormonal,10,4.44,0
30,III,Surgery,0,3.82,0
76,I,Hormonal,2,1.64,0
63,II,Radiation,11,0.8,0
61,IV,Radiation,10,1.71,1
83,III,Hormonal,3,4.6,1
77,I,Surgery,12,3.35,0
54,III,Chemo,13,3.74,1
69,I,Hormonal,0,1.66,0
74,I,Hormonal,4,3.74,0
82,II,Chemo,9,0.63,0
30,II,Hormonal,2,2.19,0
45,II,Chemo,1,3.32,0
68,II,Surgery,14,1.16,0
34,I,Radiation,2,4.2,0
51,I,Surgery,7,1.56,0
58,II,Radiation,5,3.44,0
84,III,Chemo,12,2.32,1
32,II,Radiation,13,3.18,0
41,I,Surgery,6,0.98,0
55,II,Radiation,11,0.58,1
45,I,Chemo,5,4.59,0
80,I,Radiation,5,1.71,0
66,III,Hormonal,11,4.19,1
51,I,Surgery,2,5.0,0
58,I,Hormonal,11,1.45,0
43,II,Chemo,12,1.69,0
57,II,Radiation,13,3.48,0
34,II,Hormonal,7,4.84,1
76,I,Hormonal,11,4.62,1
78,I,Radiation,6,2.76,0
59,I,Radiation,6,4.08,1
75,I,Surgery,5,1.11,0
81,II,Hormonal,4,4.9,0
34,III,Hormonal,9,4.84,1
41,III,Chemo,7,1.24,1
45,III,Surgery,4,1.85,1
55,II,Chemo,8,0.95,0
55,II,Hormonal,8,1.72,0
77,II,Chemo,0,4.17,0
50,II,Hormonal,5,2.2,0
68,II,Hormonal,6,0.9,0
65,I,Chemo,2,2.04,0
62,II,Chemo,6,4.92,1
59,IV,Radiation,10,3.33,1
66,I,Radiation,10,2.37,0
52,I,Radiation,6,1.25,0
39,II,Hormonal,13,4.94,1
83,III,Chemo,12,4.19,1
34,II,Surgery,10,1.77,0
65,II,Hormonal,1,0.82,0
63,I,Surgery,6,0.75,0
81,II,Chemo,14,1.04,0
60,II,Hormonal,0,3.11,0
39,III,Surgery,4,4.68,0
48,II,Surgery,8,2.74,0
61,I,Radiation,6,4.29,1
30,I,Radiation,6,2.51,0
34,I,Radiation,10,3.69,0
74,II,Hormonal,12,3.79,1
33,I,Chemo,11,1.28,0
45,II,Chemo,1,2.13,0
53,II,Radiation,7,3.37,0
45,I,Radiation,2,0.82,0
84,I,Radiation,14,2.13,0
31,I,Surgery,7,2.91,0
78,III,Radiation,2,4.98,1
57,I,Surgery,9,2.64,0
61,II,Chemo,6,4.17,0
56,III,Hormonal,1,2.44,0
49,II,Hormonal,3,4.08,0
53,III,Hormonal,10,3.18,1
41,II,Hormonal,5,4.49,0
79,IV,Surgery,10,2.35,1
64,I,Surgery,8,3.22,0
62,I,Radiation,4,3.34,0
62,II,Surgery,12,2.38,0
80,IV,Radiation,8,1.15,1
72,III,Radiation,14,0.92,1
66,I,Hormonal,4,0.58,0
41,I,Surgery,9,4.43,0
32,IV,Surgery,7,1.56,1
30,I,Radiation,12,1.45,0
62,III,Radiation,12,3.81,1
69,III,Chemo,0,1.94,1
39,II,Chemo,6,2.78,0
72,II,Radiation,3,1.23,0
73,II,Chemo,4,4.82,0
58,I,Chemo,5,4.33,0
42,III,Radiation,4,4.39,1
41,II,Radiation,11,2.33,0
60,III,Surgery,0,3.93,1
75,I,Radiation,11,1.15,0
31,IV,Radiation,8,0.54,1
80,II,Hormonal,1,0.59,0
79,I,Surgery,8,3.14,1
64,I,Surgery,9,2.55,0
52,III,Surgery,1,2.83,0
46,II,Hormonal,8,0.53,0
55,III,Radiation,5,2.4,0
37,I,Surgery,10,3.73,0
58,I,Surgery,8,2.49,0
55,II,Chemo,12,3.79,0
39,II,Surgery,5,1.55,0
55,II,Radiation,5,4.16,0
63,IV,Radiation,12,3.15,1
80,IV,Chemo,10,1.45,1
70,IV,Surgery,13,1.57,1
36,III,Surgery,1,3.33,1
33,II,Surgery,7,4.23,0
82,II,Hormonal,2,2.37,0
79,II,Surgery,6,1.66,0
74,III,Radiation,4,4.4,1
40,I,Radiation,2,3.51,0
58,II,Hormonal,0,2.52,0
65,I,Hormonal,7,2.7,0
54,II,Surgery,2,1.42,0
50,III,Chemo,1,3.32,1
65,III,Hormonal,0,2.11,1
39,I,Hormonal,3,4.98,0
66,IV,Surgery,12,2.66,1
38,II,Surgery,7,2.69,0
53,I,Hormonal,12,3.05,0
64,I,Chemo,2,4.63,0
78,I,Hormonal,13,4.1,1
64,I,Surgery,0,2.53,0
77,IV,Surgery,3,3.73,1
65,II,Hormonal,8,3.14,0
47,III,Chemo,12,2.72,1
78,II,Hormonal,0,1.37,0
68,I,Hormonal,11,2.59,0
61,II,Surgery,13,1.61,0
53,I,Chemo,10,4.62,1
52,II,Radiation,1,2.01,0
61,IV,Chemo,8,4.79,1
66,II,Hormonal,1,2.9,0
41,II,Hormonal,12,3.34,0
78,I,Hormonal,2,2.94,0
84,I,Chemo,6,1.08,0
42,I,Surgery,2,2.19,0
52,II,Hormonal,8,0.95,0
54,I,Hormonal,5,3.3,0
64,II,Chemo,2,2.51,0
70,II,Radiation,8,4.0,1
59,II,Radiation,0,1.49,0
46,I,Surgery,9,1.24,0
78,I,Surgery,2,2.33,0
49,IV,Hormonal,0,4.67,1
77,II,Chemo,1,3.7,1
54,II,Hormonal,11,2.39,0
51,I,Surgery,7,2.83,0
42,IV,Chemo,6,0.88,1
48,II,Chemo,1,4.93,0
78,II,Surgery,1,3.5,0
65,III,Radiation,8,1.78,1
41,I,Radiation,12,3.14,0
70,II,Chemo,12,0.99,0
48,II,Hormonal,5,4.85,0
41,I,Radiation,4,1.29,0
38,IV,Hormonal,9,3.42,1
36,III,Radiation,5,1.6,0
57,II,Radiation,8,3.73,0
43,I,Hormonal,10,4.0,0
60,I,Surgery,6,3.53,1
81,II,Radiation,14,3.27,1
48,III,Radiation,9,4.52,1
76,I,Hormonal,9,0.85,0
45,II,Surgery,13,1.99,0
82,III,Radiation,8,1.62,1
34,I,Radiation,3,4.95,0
64,II,Surgery,1,2.25,0
41,I,Radiation,11,3.8,1
54,IV,Surgery,7,3.58,1
81,II,Surgery,3,1.45,0
50,I,Hormonal,12,1.58,0
65,II,Chemo,8,1.77,0
82,II,Surgery,14,2.35,0
52,III,Hormonal,14,1.55,1
45,III,Chemo,3,0.59,0
68,II,Radiation,14,4.46,0
74,I,Chemo,7,4.85,0
82,I,Surgery,8,2.04,0
71,I,Surgery,12,2.02,0
68,II,Surgery,8,0.53,0
43,III,Surgery,9,3.56,1
60,II,Surgery,3,4.21,0
34,I,Hormonal,0,1.16,0
64,II,Surgery,14,1.22,0
52,III,Hormonal,2,4.06,0
58,III,Radiation,8,3.27,1
72,III,Surgery,3,0.7,1
40,I,Surgery,4,3.3,0
47,I,Chemo,6,1.89,0
76,III,Radiation,4,2.16,1
41,II,Surgery,3,3.96,0
38,II,Surgery,14,4.15,1
39,III,Radiation,1,2.3,1
73,III,Hormonal,14,4.76,1
46,II,Surgery,1,2.33,0
67,II,Chemo,12,3.97,0
36,II,Surgery,12,2.68,0
75,II,Chemo,3,4.54,0
42,II,Chemo,9,4.58,1
69,III,Surgery,12,0.89,1
71,III,Surgery,9,4.71,1
38,III,Chemo,12,4.21,1
79,I,Radiation,14,4.06,1
56,III,Radiation,8,1.4,1
31,III,Surgery,7,4.12,1
34,II,Hormonal,2,4.33,0
58,III,Radiation,14,1.8,1
66,III,Surgery,13,4.79,1
67,II,Radiation,8,0.72,0
48,II,Hormonal,13,1.17,0
37,I,Surgery,4,2.92,0
77,II,Hormonal,10,3.09,0
74,II,Surgery,2,3.4,0
30,III,Hormonal,4,0.58,0
51,I,Radiation,12,4.82,0
81,I,Radiation,9,0.7,0
46,II,Hormonal,12,1.14,0
36,I,Hormonal,3,0.56,0
54,I,Hormonal,7,3.05,0
74,I,Surgery,12,4.7,0
33,I,Radiation,11,3.5,0
65,I,Surgery,4,4.2,0
35,II,Radiation,9,0.56,0
60,II,Chemo,11,2.94,0
48,III,Surgery,7,2.57,1
73,II,Radiation,8,2.75,0
83,III,Radiation,3,0.82,0
68,I,Surgery,6,3.58,1
56,I,Surgery,1,2.76,0
39,III,Radiation,5,3.94,1
55,I,Surgery,7,2.68,0
48,II,Hormonal,11,1.17,0
68,II,Surgery,6,3.42,1
32,II,Surgery,6,1.28,0
74,I,Surgery,7,4.43,1
42,II,Radiation,6,3.26,0
79,II,Hormonal,4,1.21,0
57,I,Chemo,6,4.83,0
49,II,Chemo,12,2.83,0
57,III,Hormonal,13,0.83,1
37,IV,Hormonal,9,3.32,1
70,I,Hormonal,2,1.64,0
68,III,Radiation,4,4.12,1
30,II,Chemo,6,4.18,1
32,II,Hormonal,14,4.91,1
42,I,Radiation,8,2.76,0
57,III,Chemo,14,2.55,1
78,I,Surgery,1,3.89,0
54,II,Radiation,3,1.1,0
62,I,Chemo,11,2.96,1
67,III,Radiation,6,2.96,1
82,III,Chemo,0,0.9,0
35,III,Chemo,12,2.38,1
73,I,Surgery,1,4.34,0
74,I,Radiation,8,4.35,1
61,II,Hormonal,12,0.95,0
74,II,Surgery,9,0.91,0
76,I,Surgery,6,1.68,0
50,II,Chemo,11,4.44,0
45,IV,Hormonal,9,1.08,1
83,III,Radiation,6,3.74,1
50,III,Hormonal,5,0.96,1
40,IV,Hormonal,2,3.3,1
66,I,Hormonal,9,2.1,0
65,II,Hormonal,2,4.05,0
64,IV,Hormonal,1,1.55,1
48,I,Chemo,10,3.38,1
49,III,Chemo,5,1.56,0
47,II,Surgery,3,3.71,0
76,II,Chemo,4,4.43,0
70,II,Surgery,2,1.07,0
78,IV,Surgery,5,4.4,1
43,III,Radiation,10,3.17,1
44,I,Hormonal,11,1.07,0
60,III,Chemo,2,2.42,1
30,I,Radiation,13,1.22,0
82,II,Chemo,14,3.65,0
83,II,Surgery,13,3.91,0
83,II,Chemo,7,0.98,0
32,II,Hormonal,8,2.78,0
45,IV,Surgery,3,4.17,1
52,III,Surgery,14,4.71,1
40,II,Radiation,8,2.81,0
41,I,Hormonal,11,4.78,1
39,IV,Surgery,6,2.91,1
61,IV,Hormonal,2,2.27,1
45,III,Chemo,6,4.32,1
37,I,Hormonal,13,2.72,0
67,I,Surgery,0,2.62,0
41,I,Radiation,2,2.71,0
53,I,Surgery,5,4.31,0
57,II,Hormonal,3,4.24,0
82,IV,Hormonal,6,2.32,1
37,II,Surgery,13,2.0,0
57,I,Hormonal,2,2.71,0
65,I,Chemo,0,3.08,0
55,I,Surgery,8,1.57,1
37,I,Radiation,14,4.07,1
79,I,Surgery,5,2.69,0
57,I,Chemo,7,2.0,0
57,III,Chemo,2,0.98,0
66,IV,Chemo,7,1.57,1
70,II,Chemo,1,4.77,0
65,II,Chemo,11,1.87,0
56,III,Radiation,3,1.26,0
83,I,Hormonal,2,2.57,0
46,I,Chemo,9,1.88,0
38,III,Chemo,0,0.66,0
62,I,Surgery,14,1.95,0
82,II,Radiation,12,2.95,0
49,II,Radiation,12,2.98,0
42,II,Hormonal,6,2.1,0
57,II,Radiation,10,2.51,0
77,III,Surgery,9,4.84,1
58,I,Surgery,1,2.2,0
42,I,Hormonal,3,1.66,0
75,III,Surgery,8,1.6,1
64,II,Chemo,5,2.56,0
35,I,Chemo,7,3.92,0
47,III,Surgery,1,1.43,0
80,II,Hormonal,6,3.69,0
34,III,Radiation,5,0.6,1
76,III,Hormonal,12,2.39,1
54,II,Radiation,13,3.99,1
31,II,Surgery,8,2.02,0
39,IV,Surgery,6,3.04,1
59,I,Chemo,0,1.42,0
79,III,Radiation,13,3.84,1
74,I,Hormonal,7,0.74,0
34,II,Surgery,10,4.34,1
84,II,Hormonal,9,1.39,0
62,IV,Chemo,14,4.43,1
83,IV,Radiation,2,2.09,1
30,I,Radiation,13,3.75,1
47,I,Surgery,1,1.94,0
61,III,Radiation,11,4.58,1
76,II,Surgery,2,1.07,0
78,I,Chemo,10,1.3,0
40,II,Radiation,5,2.72,0
50,II,Surgery,12,0.87,0
55,IV,Hormonal,13,1.38,1
54,I,Surgery,2,4.75,0
51,II,Radiation,9,4.89,1
56,II,Chemo,4,2.19,0
78,III,Radiation,5,4.65,1
42,II,Radiation,7,2.95,0
62,II,Surgery,6,1.71,0
63,I,Hormonal,13,3.66,0
70,III,Radiation,10,3.47,1
64,II,Hormonal,7,4.95,1
30,I,Surgery,2,1.69,0
50,II,Hormonal,3,3.52,0
77,I,Surgery,5,0.73,0
84,I,Chemo,10,1.01,0
35,III,Hormonal,6,0.52,1
57,II,Hormonal,8,5.0,0
46,III,Chemo,12,4.11,1
34,I,Hormonal,0,4.04,0
60,III,Chemo,12,2.79,0
34,I,Radiation,14,1.85,0
67,II,Surgery,7,1.18,0
32,IV,Chemo,7,1.78,1
82,III,Hormonal,5,2.19,0
52,II,Chemo,3,3.9,0
66,II,Hormonal,2,2.93,0
82,III,Radiation,10,0.85,1
66,II,Chemo,2,0.58,0
39,III,Radiation,5,0.96,0
39,III,Surgery,12,2.35,1
48,I,Hormonal,7,4.7,0
46,I,Hormonal,6,3.37,0
50,II,Radiation,10,4.11,1
43,I,Surgery,0,2.6,0
38,I,Chemo,10,2.13,0
75,IV,Chemo,5,0.99,1
30,II,Hormonal,6,4.44,1
80,III,Radiation,11,4.02,1
74,II,Radiation,6,1.26,1
42,II,Chemo,8,2.81,0
33,I,Surgery,10,2.69,0
30,II,Surgery,10,3.31,1
78,I,Chemo,9,4.76,1
69,II,Chemo,4,3.11,0
61,III,Radiation,0,2.93,0
63,II,Surgery,1,0.73,0
57,II,Chemo,14,0.78,0
60,II,Chemo,3,1.34,0
37,I,Hormonal,4,0.65,0
68,II,Chemo,8,3.85,0
55,I,Chemo,10,3.75,0
63,I,Surgery,14,1.11,0
83,I,Radiation,0,4.26,0
83,II,Surgery,2,1.2,0
32,III,Radiation,4,1.86,0
79,I,Hormonal,2,1.62,0
41,II,Chemo,3,2.18,0
30,II,Hormonal,14,1.65,0
83,I,Radiation,13,2.7,0
73,III,Surgery,2,2.33,0
34,II,Surgery,3,4.94,0
59,II,Hormonal,13,0.75,0
59,II,Radiation,14,1.14,0
46,I,Hormonal,12,0.74,0
77,II,Hormonal,12,3.32,0
76,II,Chemo,14,0.75,0
52,III,Hormonal,14,4.26,1
44,I,Chemo,0,2.8,0
66,II,Chemo,11,2.87,0
50,II,Surgery,7,3.03,0
43,I,Chemo,3,1.27,0
31,II,Chemo,6,1.39,0
40,III,Surgery,1,1.93,0
80,III,Hormonal,1,3.17,1
68,II,Radiation,5,1.45,0
67,III,Radiation,13,1.02,1
63,IV,Radiation,1,4.87,1
67,III,Hormonal,14,0.6,1
79,I,Chemo,14,4.11,1
63,III,Radiation,5,4.05,1
47,II,Hormonal,10,1.84,1
59,IV,Chemo,14,1.11,1
44,II,Surgery,1,1.16,0
56,I,Radiation,3,3.64,0
80,III,Chemo,6,3.39,1
63,II,Radiation,7,4.02,1
81,IV,Radiation,14,4.72,1
67,IV,Radiation,2,3.61,1
62,II,Chemo,13,1.2,0
53,I,Hormonal,14,1.6,0
44,II,Chemo,12,4.29,0
59,I,Radiation,8,1.44,0
84,I,Chemo,1,0.83,0
71,III,Surgery,7,3.66,1
80,I,Hormonal,7,2.31,0
46,II,Chemo,12,4.64,1
34,IV,Surgery,13,3.43,1
58,II,Hormonal,3,0.91,0
33,I,Surgery,0,4.77,0
39,IV,Hormonal,12,1.66,1
46,I,Chemo,0,2.02,0
39,III,Surgery,1,2.31,0
46,IV,Radiation,13,0.73,1
49,IV,Surgery,14,2.73,1
53,II,Hormonal,11,1.05,0
34,II,Chemo,13,2.3,0
63,I,Hormonal,8,2.08,0
35,III,Surgery,12,3.98,1
82,III,Surgery,1,4.11,1
31,II,Radiation,1,1.19,0
42,I,Chemo,5,2.15,0
72,I,Chemo,6,2.18,0
72,I,Surgery,12,1.18,0
77,III,Chemo,6,4.09,1
40,II,Radiation,14,3.68,0
80,IV,Hormonal,12,1.36,1
76,III,Chemo,8,2.15,1
52,I,Surgery,5,0.98,0
84,II,Hormonal,13,3.33,1
45,II,Hormonal,7,1.05,0
60,II,Radiation,10,4.94,0
40,III,Surgery,5,4.01,1
83,III,Chemo,1,2.26,1
45,III,Surgery,0,3.1,0
37,I,Hormonal,4,4.6,0
33,I,Surgery,13,2.99,0
69,III,Chemo,8,1.29,1
33,I,Chemo,7,2.2,0
54,II,Radiation,13,4.29,0
32,I,Chemo,12,3.4,0
61,II,Chemo,3,3.43,0
32,I,Surgery,4,4.4,0
56,II,Surgery,12,4.52,1
58,IV,Hormonal,4,4.64,1
61,I,Radiation,5,0.93,0
79,I,Surgery,2,2.95,0
80,II,Chemo,4,3.83,0
48,III,Hormonal,1,3.91,1
50,I,Surgery,9,3.23,1
34,II,Radiation,0,1.25,0
47,I,Radiation,10,4.09,1
57,III,Hormonal,0,3.74,1
71,II,Hormonal,9,0.89,0
51,III,Hormonal,6,2.59,1
50,IV,Hormonal,1,1.28,1
35,I,Hormonal,3,2.02,0
30,III,Chemo,4,0.58,1
34,I,Chemo,6,2.3,0
70,III,Surgery,1,2.97,0
41,II,Radiation,13,3.29,0
55,III,Chemo,5,3.49,1
75,I,Chemo,0,4.26,0
63,I,Chemo,6,1.47,0
78,II,Surgery,8,1.04,0
43,II,Hormonal,4,4.33,0
55,I,Surgery,4,1.2,0
74,II,Radiation,3,4.89,0
56,I,Radiation,2,4.29,0
38,II,Radiation,8,2.75,0
55,III,Radiation,4,4.92,1
76,II,Chemo,7,0.94,0
51,I,Chemo,8,1.86,0
76,II,Surgery,4,3.37,0
59,I,Hormonal,9,2.08,1
72,IV,Radiation,8,4.68,1
77,I,Surgery,1,0.8,0
46,III,Chemo,8,2.97,1
55,IV,Chemo,10,3.16,1
65,III,Hormonal,3,3.44,0
30,II,Hormonal,5,1.65,0
37,III,Hormonal,5,2.14,0
78,IV,Surgery,5,4.3,1
64,II,Chemo,1,1.38,0
81,II,Chemo,6,4.22,0
44,II,Hormonal,12,3.03,0
76,II,Radiation,5,3.93,0
51,II,Hormonal,10,3.71,0
43,II,Surgery,13,1.43,0
55,I,Hormonal,0,3.06,0
57,I,Hormonal,1,4.4,0
52,I,Surgery,6,2.44,0
43,I,Hormonal,0,4.85,0
53,I,Chemo,14,2.53,0
31,II,Radiation,0,1.14,0
74,I,Hormonal,0,2.25,0
55,III,Surgery,7,4.78,1
43,I,Radiation,3,1.94,0
80,I,Surgery,3,4.41,0
36,III,Radiation,12,4.47,1
32,II,Radiation,1,2.08,0
76,I,Hormonal,10,0.87,0
52,III,Chemo,10,3.76,1
75,III,Hormonal,10,1.9,1
72,II,Surgery,0,4.02,0
76,II,Surgery,11,2.49,0
74,IV,Radiation,9,2.68,1
47,II,Radiation,8,4.0,1
67,II,Chemo,6,2.22,0
64,III,Hormonal,3,2.49,0
80,I,Surgery,11,2.19,0
44,II,Radiation,5,2.15,0
54,I,Chemo,13,2.87,0
84,III,Surgery,1,4.14,1
66,II,Radiation,6,2.13,0
57,II,Surgery,1,2.86,0
39,I,Chemo,9,3.52,1
68,I,Chemo,7,1.71,0
46,II,Surgery,7,1.75,0
68,III,Hormonal,0,4.7,1
51,II,Surgery,12,3.76,1
55,I,Radiation,7,3.1,0
73,III,Hormonal,1,3.41,1
54,I,Radiation,5,0.63,0
46,IV,Surgery,12,3.28,1
42,I,Hormonal,0,2.79,0
49,II,Radiation,4,2.96,0
54,I,Surgery,10,2.12,0
33,IV,Surgery,6,0.87,1
39,II,Hormonal,12,1.37,0
32,I,Surgery,9,4.78,0
70,II,Chemo,0,2.34,0
74,I,Radiation,14,2.6,1
47,I,Radiation,1,0.74,0
76,IV,Surgery,6,0.67,1
65,II,Surgery,5,3.73,0
76,III,Chemo,2,2.92,0
51,II,Hormonal,13,2.79,0
63,II,Surgery,9,1.59,0
76,I,Surgery,1,3.85,0
37,I,Surgery,9,1.26,0
69,III,Surgery,3,1.35,0
78,IV,Radiation,2,2.57,1
73,I,Surgery,6,1.79,0
48,I,Radiation,7,1.61,0
71,II,Surgery,1,3.4,0
70,IV,Hormonal,9,3.43,1
66,I,Chemo,6,4.21,0
35,II,Hormonal,7,2.38,0
81,III,Surgery,5,0.83,0
55,I,Surgery,5,1.73,0
63,I,Surgery,9,4.91,1
74,II,Hormonal,0,3.18,0
35,IV,Surgery,3,3.69,1
66,I,Hormonal,13,0.53,0
62,II,Radiation,0,2.83,0
82,II,Chemo,3,0.67,0
51,II,Chemo,1,3.06,0
50,II,Hormonal,10,4.64,0
35,II,Radiation,12,4.86,1
35,II,Hormonal,4,2.93,0
84,II,Radiation,9,2.56,0
77,II,Surgery,13,4.75,0
33,II,Radiation,8,3.53,0
59,III,Radiation,10,0.79,1
40,I,Radiation,14,2.6,0
59,III,Chemo,11,1.58,1
60,III,Radiation,9,2.61,1
53,I,Surgery,2,2.55,0
84,II,Surgery,7,3.12,1
38,II,Surgery,2,2.11,0
84,I,Radiation,5,1.24,0
32,II,Hormonal,3,2.77,0
80,I,Hormonal,7,4.24,0
60,I,Surgery,10,3.49,0
69,III,Chemo,5,2.02,0
66,I,Hormonal,7,4.71,0
65,III,Radiation,0,4.6,1
53,II,Hormonal,5,1.44,0
60,III,Surgery,0,0.68,0
35,II,Chemo,0,3.84,1
31,I,Hormonal,7,4.22,1
49,II,Hormonal,14,4.86,1
57,I,Surgery,6,4.5,1
40,II,Chemo,2,3.2,1
33,IV,Chemo,5,2.89,1
44,I,Surgery,14,0.63,0
35,II,Radiation,8,1.61,0
83,III,Hormonal,6,2.57,1
78,III,Radiation,11,3.33,1
59,II,Hormonal,2,3.01,0
67,I,Hormonal,13,3.84,1
80,II,Radiation,13,1.76,0
31,I,Surgery,12,3.04,0
44,III,Surgery,5,0.9,0
40,IV,Hormonal,10,2.36,1
37,III,Surgery,3,3.88,1
55,III,Hormonal,13,3.62,1
80,I,Surgery,12,4.96,1
74,III,Hormonal,2,1.75,0
73,III,Surgery,8,2.74,1
34,I,Chemo,9,1.98,0
35,III,Radiation,1,2.48,1
55,I,Chemo,0,4.36,0
83,II,Radiation,14,3.58,0
33,III,Radiation,13,4.47,1
48,II,Hormonal,1,1.42,0
49,I,Radiation,6,4.43,1
62,II,Chemo,9,0.77,0
49,II,Chemo,0,4.5,0
78,IV,Surgery,5,1.98,1
41,II,Chemo,13,1.92,0
76,II,Surgery,6,2.8,0
30,III,Radiation,8,4.73,1
55,II,Chemo,14,0.72,0
43,II,Radiation,13,2.09,0
67,II,Chemo,7,4.35,1
66,III,Chemo,5,2.28,0
40,II,Surgery,2,1.4,0
65,II,Radiation,7,2.41,0
42,I,Chemo,6,2.23,0
72,I,Hormonal,2,4.62,0
32,I,Radiation,8,3.93,0
62,I,Radiation,11,2.77,1
35,II,Radiation,1,4.95,0
79,III,Surgery,2,2.59,0
39,II,Hormonal,1,0.76,0
34,III,Radiation,12,1.68,1
52,IV,Chemo,0,2.46,1
39,III,Chemo,3,1.21,0
73,II,Surgery,4,4.76,0
31,II,Chemo,12,3.95,0
42,II,Radiation,5,1.71,0
69,I,Chemo,4,3.16,0
31,II,Radiation,0,3.75,0
49,IV,Chemo,2,4.74,1
30,III,Hormonal,0,4.47,1
66,I,Surgery,10,2.82,0
38,II,Surgery,4,3.99,0
46,III,Hormonal,4,3.03,1
38,I,Hormonal,11,2.99,0
40,II,Surgery,10,1.02,0
44,III,Hormonal,12,1.07,1
53,II,Radiation,5,2.88,0
67,I,Chemo,7,1.71,0
84,II,Surgery,9,0.59,0
64,III,Hormonal,11,3.75,1
59,II,Radiation,0,0.65,0
60,I,Surgery,3,3.18,0
78,II,Hormonal,9,2.93,0
34,II,Surgery,10,4.86,1
73,II,Hormonal,0,2.68,0
79,III,Surgery,8,0.79,1
43,I,Radiation,10,2.98,1
82,III,Radiation,6,4.28,1
40,I,Chemo,6,4.99,0
38,II,Surgery,11,2.44,0
63,I,Chemo,4,1.94,0
41,II,Surgery,6,4.58,1
64,II,Hormonal,11,1.36,0
64,II,Hormonal,14,3.27,0
30,I,Chemo,1,2.33,0
69,II,Surgery,13,0.68,0
51,I,Chemo,12,2.06,0
58,III,Radiation,3,1.69,0
37,IV,Chemo,13,3.59,1
40,II,Chemo,13,4.77,0
70,II,Hormonal,6,1.71,0
66,II,Chemo,2,4.15,0
43,I,Surgery,1,0.75,0
59,II,Hormonal,9,2.92,0
64,III,Chemo,1,0.82,0
50,II,Radiation,12,4.7,1
66,I,Chemo,0,3.95,0
34,III,Chemo,4,3.46,1
48,II,Chemo,11,4.21,0
43,III,Hormonal,5,3.41,1
55,II,Surgery,5,4.86,0
33,II,Radiation,8,3.71,1
54,I,Chemo,3,4.66,0
74,I,Surgery,0,2.83,0
71,IV,Surgery,5,1.03,1
54,I,Hormonal,14,2.88,0
47,IV,Radiation,4,1.07,1
69,II,Hormonal,9,3.17,0
37,I,Surgery,5,2.67,0
68,I,Surgery,2,3.3,0
69,I,Surgery,1,0.55,0
43,IV,Hormonal,5,1.38,1
61,II,Radiation,12,2.71,0
80,II,Chemo,0,4.78,0
67,II,Hormonal,6,2.23,0
62,I,Surgery,6,2.41,0
52,II,Hormonal,9,3.72,1
44,I,Surgery,12,3.22,1
62,III,Chemo,6,1.85,1
54,II,Chemo,14,2.35,0
46,II,Radiation,11,1.48,0
62,II,Surgery,10,4.85,1
76,II,Radiation,9,1.09,0
84,IV,Radiation,0,2.17,1
31,II,Chemo,14,0.62,0
43,I,Hormonal,3,1.5,0
82,II,Hormonal,12,4.01,0
69,I,Radiation,6,1.41,0
69,I,Chemo,10,0.86,0
80,IV,Surgery,8,2.64,1
68,III,Hormonal,4,0.54,0
80,IV,Radiation,12,0.88,1
35,II,Hormonal,1,4.13,0
35,II,Hormonal,6,3.97,1
32,I,Surgery,9,4.62,1
36,I,Chemo,0,4.35,0
80,III,Surgery,6,3.57,1
37,II,Chemo,5,0.74,0
71,III,Hormonal,6,4.02,1
81,III,Radiation,13,4.3,1
44,I,Surgery,12,4.1,1
76,II,Chemo,9,2.79,0
58,II,Hormonal,2,1.55,0
62,I,Chemo,14,4.3,0
81,III,Chemo,2,3.77,1
59,II,Chemo,6,4.91,0
68,I,Hormonal,12,1.2,1
56,II,Radiation,1,1.52,0
65,IV,Radiation,0,1.45,1
58,I,Radiation,8,4.07,1
67,III,Chemo,8,1.34,1
62,I,Hormonal,6,0.8,0
66,III,Chemo,6,4.99,1
56,III,Radiation,2,0.61,0
84,II,Radiation,9,4.26,0
62,II,Hormonal,14,2.14,0
33,III,Chemo,1,4.29,1
51,II,Surgery,10,3.0,0
31,III,Surgery,6,4.56,1
39,I,Radiation,8,4.67,1
34,III,Hormonal,0,0.54,0
39,III,Chemo,12,0.84,1
62,IV,Chemo,13,1.63,1
83,I,Radiation,3,3.51,0
67,II,Radiation,5,4.5,0
42,II,Chemo,6,2.57,1
60,II,Chemo,9,3.23,1
76,II,Radiation,6,1.35,0
65,I,Chemo,9,4.12,1
74,III,Surgery,1,4.85,1
53,II,Radiation,13,1.71,0
81,I,Chemo,3,2.73,0
44,II,Radiation,4,0.89,0
58,II,Hormonal,13,3.02,0
37,I,Radiation,11,2.76,0
34,IV,Radiation,0,1.15,1
58,IV,Hormonal,0,2.49,1
76,II,Surgery,9,2.0,0
33,I,Chemo,2,2.85,0
41,III,Hormonal,14,3.14,1
74,II,Radiation,14,0.54,0
31,II,Chemo,9,3.92,0
56,II,Hormonal,2,3.71,0
60,II,Chemo,11,2.15,0
80,II,Chemo,7,0.74,0
80,II,Hormonal,8,3.9,1
65,II,Chemo,14,4.8,0
65,IV,Surgery,13,1.58,1
55,II,Hormonal,10,1.96,0
72,III,Surgery,11,1.33,1
56,III,Radiation,0,3.1,1
34,II,Chemo,13,1.2,0
49,II,Radiation,10,2.1,0
40,II,Radiation,1,3.64,0
39,II,Chemo,9,3.02,1
69,III,Hormonal,1,2.24,0
67,II,Chemo,14,2.39,0
35,IV,Radiation,3,3.03,1
37,I,Radiation,1,0.53,0
52,I,Hormonal,6,0.85,0
76,II,Chemo,12,4.47,0
55,I,Radiation,14,0.85,0
75,I,Surgery,8,3.68,0
72,II,Radiation,6,4.64,1
41,I,Radiation,11,1.72,0
55,I,Hormonal,5,2.17,0
42,IV,Surgery,14,3.06,1
69,I,Radiation,9,4.47,0
47,III,Radiation,0,4.74,0
54,III,Surgery,10,3.83,1
62,IV,Chemo,9,0.89,1
76,I,Chemo,8,3.51,1
69,III,Radiation,4,2.35,0
72,II,Radiation,10,2.62,0
41,II,Chemo,4,0.72,0
73,II,Hormonal,5,1.36,0
65,III,Surgery,8,4.06,1
77,II,Surgery,12,2.54,1
33,III,Hormonal,7,1.86,1
34,II,Hormonal,7,2.23,1
66,III,Hormonal,13,4.34,1
37,IV,Hormonal,7,3.87,1
71,I,Hormonal,0,1.73,0
78,IV,Hormonal,0,1.03,1
57,I,Surgery,7,1.63,0
60,I,Hormonal,4,4.64,0
38,I,Chemo,8,3.12,0
83,II,Hormonal,1,2.9,0
80,II,Hormonal,8,3.18,0
58,I,Surgery,11,2.15,0
43,I,Surgery,13,4.13,0
69,IV,Hormonal,7,2.85,1
70,III,Surgery,8,1.03,1
51,III,Radiation,3,1.08,1
40,III,Surgery,0,2.92,1
52,III,Surgery,0,4.71,1
30,I,Surgery,4,1.89,0
75,II,Surgery,1,4.41,0
66,III,Chemo,13,3.94,1
50,I,Chemo,7,1.62,0
55,II,Chemo,9,0.66,0
75,I,Hormonal,10,0.96,0
65,II,Hormonal,4,3.78,0
83,II,Radiation,4,1.4,0
52,II,Chemo,1,2.17,0
30,II,Hormonal,6,2.76,0
83,II,Surgery,12,3.76,0
84,I,Surgery,7,1.01,0
80,I,Chemo,9,2.33,0
69,III,Radiation,12,2.68,1
44,II,Radiation,0,2.93,0
50,I,Surgery,1,4.18,0
76,III,Radiation,9,1.27,1
38,I,Chemo,3,4.14,0
82,II,Surgery,4,3.62,0
38,I,Hormonal,12,3.0,1
39,III,Hormonal,1,3.65,1
81,II,Radiation,0,2.35,0
82,I,Surgery,8,1.12,0
55,III,Surgery,13,3.5,1
70,II,Hormonal,0,2.86,0
64,I,Surgery,12,3.38,1
81,I,Surgery,14,2.02,0
54,I,Surgery,3,4.58,0
55,I,Radiation,1,3.14,0
40,II,Surgery,10,0.88,0
67,III,Chemo,3,2.52,0
31,II,Radiation,7,3.9,0
36,I,Surgery,7,4.07,1
47,I,Surgery,14,2.73,0
56,I,Chemo,10,4.53,1
63,II,Radiation,11,1.7,0
56,III,Hormonal,8,2.35,1
46,I,Hormonal,12,4.54,1
72,III,Radiation,14,4.53,1
73,III,Surgery,10,3.59,1
80,II,Surgery,14,4.37,0
83,III,Hormonal,11,0.9,1
53,II,Hormonal,4,4.39,0
54,II,Hormonal,6,1.94,0
36,II,Chemo,2,1.3,0
81,II,Hormonal,9,1.58,0
35,I,Chemo,3,2.38,0
82,II,Radiation,9,1.63,0
53,I,Surgery,8,1.94,0
62,II,Hormonal,9,1.11,0
78,I,Surgery,9,1.83,0
58,IV,Surgery,13,3.08,1
72,III,Hormonal,11,2.49,1
51,II,Hormonal,0,2.06,0
55,I,Radiation,1,3.86,0
57,III,Chemo,4,4.52,1
79,III,Chemo,2,3.91,1
50,III,Surgery,1,1.99,0
78,I,Hormonal,0,3.85,0
36,II,Radiation,9,1.18,0
46,I,Radiation,2,1.09,0
49,I,Radiation,0,2.06,0
70,III,Radiation,11,4.13,1
78,III,Radiation,0,1.61,0
49,II,Chemo,11,0.78,0
83,III,Chemo,0,1.09,0
51,II,Chemo,7,4.36,0
57,II,Hormonal,14,3.35,1
69,II,Surgery,2,1.64,0
78,IV,Radiation,10,3.0,1
36,I,Hormonal,0,2.87,0
30,IV,Radiation,6,3.45,1
61,III,Chemo,9,1.55,1
42,I,Hormonal,2,4.39,0
59,II,Chemo,7,1.89,0
52,III,Radiation,3,3.62,1
80,II,Radiation,3,0.57,0
48,IV,Surgery,4,2.18,1
61,IV,Radiation,5,2.08,0
59,II,Chemo,6,2.95,0
58,II,Radiation,13,0.83,0
78,IV,Surgery,13,4.06,1
74,II,Surgery,3,1.48,0
58,I,Chemo,7,3.55,1
59,I,Hormonal,12,4.11,0
45,II,Radiation,5,3.03,0
69,IV,Surgery,13,3.83,1
48,III,Radiation,0,3.48,1
47,II,Radiation,0,2.1,0
30,I,Hormonal,8,4.14,1
43,I,Surgery,9,1.83,0
80,III,Radiation,5,3.07,1
76,I,Surgery,9,3.85,1
79,I,Chemo,7,2.21,0
31,I,Chemo,12,1.86,0
83,II,Radiation,6,2.57,0
57,IV,Surgery,11,4.18,1
78,I,Radiation,5,4.68,0
79,II,Surgery,3,2.95,0
59,II,Surgery,6,3.48,1
67,IV,Hormonal,8,4.56,1
80,I,Hormonal,13,0.94,0
33,II,Hormonal,10,1.54,0
30,II,Radiation,9,3.69,1
37,III,Hormonal,9,4.21,1
58,II,Hormonal,13,4.36,1
84,I,Chemo,6,2.37,0
68,II,Surgery,0,0.9,0
32,III,Surgery,9,2.47,1
61,I,Hormonal,8,1.54,0
39,III,Surgery,12,1.81,1
39,I,Chemo,3,3.98,0
48,II,Chemo,14,0.84,0
75,II,Hormonal,2,4.22,0
63,III,Chemo,3,2.42,0
62,II,Surgery,3,3.18,0
52,III,Radiation,12,0.9,1
84,III,Surgery,9,2.02,1
57,II,Radiation,10,0.9,0
61,III,Hormonal,1,4.83,1
79,III,Radiation,13,4.13,1
36,I,Chemo,11,2.57,1
58,II,Surgery,13,1.51,0
37,IV,Radiation,0,4.7,1
30,I,Surgery,11,2.05,0
84,III,Hormonal,9,1.22,1
32,IV,Hormonal,11,3.03,1
53,I,Chemo,0,4.75,0
52,II,Hormonal,12,0.52,0
37,II,Radiation,13,1.57,0
83,II,Hormonal,7,4.72,1
76,I,Chemo,13,1.27,0
66,I,Surgery,1,1.01,0
32,II,Surgery,11,3.07,1
80,III,Hormonal,9,4.38,1
62,III,Radiation,4,2.65,0
57,II,Chemo,11,4.98,0
76,I,Radiation,3,3.56,0
37,II,Chemo,7,0.83,0
63,I,Hormonal,1,4.97,0
64,IV,Chemo,9,2.34,1
61,III,Chemo,8,1.79,1
53,III,Hormonal,6,3.01,1
43,IV,Radiation,14,1.87,1
61,I,Hormonal,12,0.89,0
75,III,Chemo,6,0.51,1
72,II,Hormonal,0,2.52,0
45,IV,Chemo,13,4.27,1
33,I,Hormonal,11,3.08,0
81,III,Surgery,1,5.0,1
66,III,Surgery,3,1.79,0
83,I,Hormonal,3,1.76,0
50,II,Radiation,10,1.22,0
43,III,Chemo,13,1.24,1
60,II,Surgery,2,1.78,0
84,I,Radiation,6,4.07,1
77,I,Chemo,11,4.58,1
47,I,Surgery,7,4.89,0
36,III,Surgery,1,1.55,1
39,II,Hormonal,3,4.47,0
36,I,Chemo,13,1.98,0
62,II,Radiation,2,1.01,0
52,II,Radiation,1,4.42,0
50,I,Radiation,11,3.36,1
48,II,Chemo,12,1.24,0
77,II,Radiation,13,2.43,0
48,II,Radiation,5,1.79,0
65,III,Radiation,12,3.82,1
58,I,Hormonal,3,2.54,0
47,II,Hormonal,5,4.95,0
31,II,Chemo,1,0.75,0
30,II,Chemo,11,2.1,0
76,II,Radiation,3,2.67,0
34,II,Hormonal,10,2.76,0
49,III,Surgery,5,1.92,0
40,II,Surgery,13,3.78,1
71,II,Radiation,4,4.44,0
31,III,Radiation,2,4.72,1
32,II,Hormonal,7,4.12,1
52,I,Hormonal,6,4.33,0
84,I,Hormonal,2,2.98,0
41,I,Chemo,5,4.22,0
49,III,Chemo,3,1.87,1
34,III,Radiation,10,2.29,1
66,IV,Chemo,4,1.93,1
67,II,Hormonal,10,2.6,0
59,II,Hormonal,4,1.79,0
38,I,Chemo,6,4.83,0
63,II,Surgery,10,1.91,0
82,II,Radiation,4,0.94,0
73,IV,Surgery,10,2.87,1
64,I,Radiation,14,0.76,0
81,II,Surgery,2,1.0,0
51,II,Chemo,9,1.49,0
73,II,Radiation,4,2.59,0
53,II,Radiation,6,2.45,0
46,III,Radiation,4,4.1,1
39,I,Hormonal,4,3.83,0
59,III,Hormonal,8,2.42,1
75,II,Surgery,14,2.0,0
52,III,Chemo,2,1.92,0
61,III,Hormonal,12,3.98,1
46,II,Radiation,5,0.73,0
79,I,Hormonal,0,0.56,0
80,IV,Chemo,9,4.08,1
46,II,Hormonal,4,2.65,0
43,IV,Radiation,7,1.09,1
38,I,Surgery,4,1.56,0
69,II,Radiation,8,4.7,0
31,III,Chemo,10,4.37,1
74,IV,Surgery,5,3.69,1
54,II,Hormonal,7,2.67,0
68,III,Hormonal,9,2.84,1
38,II,Hormonal,7,4.89,0
83,I,Surgery,12,4.85,0
51,II,Radiation,2,1.47,0
72,II,Surgery,6,4.15,0
75,IV,Surgery,13,1.39,1
33,II,Chemo,6,1.46,0
55,I,Surgery,13,3.54,0
58,I,Hormonal,9,2.32,0
74,II,Radiation,11,4.69,0
63,II,Radiation,5,0.9,0
52,III,Radiation,11,2.8,1
66,II,Hormonal,6,4.63,0
40,IV,Hormonal,13,4.57,1
35,IV,Hormonal,1,1.2,1
47,II,Hormonal,8,2.15,0
50,IV,Hormonal,9,3.29,1
71,III,Surgery,9,1.22,1
65,II,Hormonal,0,4.86,0
70,I,Hormonal,0,4.62,0
67,II,Hormonal,2,1.25,0
63,II,Hormonal,13,1.05,0
46,III,Radiation,14,0.88,1
66,II,Hormonal,2,4.59,0
54,III,Surgery,0,1.37,0
67,II,Surgery,11,2.37,0
41,I,Surgery,6,2.52,1
52,IV,Chemo,3,3.2,1
82,II,Radiation,9,0.82,0
71,II,Hormonal,12,1.52,0
51,II,Chemo,1,4.69,0
50,I,Hormonal,9,4.59,1
56,II,Chemo,4,4.02,0
60,II,Chemo,5,0.59,0
35,II,Surgery,8,1.97,0
56,IV,Surgery,3,3.33,1
69,II,Chemo,1,1.74,0
63,I,Surgery,4,4.59,0
41,II,Chemo,2,3.35,0
74,IV,Radiation,1,0.82,1
82,I,Surgery,11,4.59,0
36,I,Surgery,0,4.81,1
39,I,Surgery,9,0.85,0
74,I,Radiation,1,2.9,0
46,III,Chemo,5,1.87,1
55,III,Hormonal,7,2.27,1
50,II,Surgery,12,1.31,0
57,II,Chemo,2,3.1,0
75,II,Radiation,10,4.81,0
31,IV,Hormonal,14,2.76,1
83,IV,Surgery,8,0.87,1
72,II,Radiation,14,3.29,0
30,III,Radiation,11,2.03,1
80,III,Hormonal,8,4.35,1
82,II,Chemo,1,2.46,0
65,I,Surgery,7,1.37,0
80,II,Surgery,9,1.36,0
55,III,Chemo,10,3.96,1
58,IV,Chemo,11,1.7,1
50,III,Chemo,4,3.95,1
40,III,Hormonal,3,1.43,1
69,II,Hormonal,9,1.95,0
40,III,Surgery,4,2.59,0
65,III,Hormonal,3,4.74,1
78,II,Radiation,7,4.69,1
68,II,Surgery,3,1.43,0
69,III,Hormonal,12,2.11,1
64,I,Chemo,9,1.17,0
83,III,Radiation,11,2.79,1
63,I,Chemo,12,2.57,0
84,II,Surgery,13,4.55,1
76,III,Chemo,5,4.69,1
53,I,Hormonal,1,2.23,0
83,I,Hormonal,4,2.71,0
51,II,Surgery,5,4.53,0
34,III,Chemo,4,4.13,1
62,I,Surgery,11,0.52,0
65,IV,Chemo,1,1.94,1
76,I,Radiation,13,2.4,0
49,IV,Hormonal,6,1.53,1
48,IV,Surgery,3,1.4,1
64,II,Radiation,7,0.67,0
81,II,Radiation,6,3.4,1
72,II,Surgery,6,1.68,0
46,II,Surgery,8,0.74,0
74,I,Radiation,0,1.54,0
72,I,Chemo,9,4.11,1
63,I,Radiation,5,4.33,0
38,II,Surgery,5,2.67,0
55,I,Radiation,5,2.37,0
31,II,Chemo,12,4.9,1
82,IV,Hormonal,11,1.4,1
38,II,Hormonal,5,1.47,0
38,II,Radiation,11,1.81,0
69,II,Chemo,9,1.28,0
46,III,Hormonal,6,2.21,1
30,IV,Radiation,13,4.6,1
54,III,Radiation,9,3.27,1
72,IV,Chemo,5,2.35,1
69,I,Surgery,0,4.7,0
71,III,Radiation,2,0.72,1
54,III,Surgery,1,1.45,1
68,I,Surgery,5,3.05,0
64,IV,Hormonal,7,3.27,1
32,I,Surgery,2,0.68,0
79,II,Chemo,9,2.31,0
66,I,Hormonal,7,3.42,0
73,II,Hormonal,7,3.64,1
73,III,Hormonal,4,3.37,1
80,II,Radiation,7,1.94,0
59,II,Radiation,5,0.92,0
67,II,Surgery,4,2.42,0
63,III,Hormonal,8,1.08,1
41,I,Hormonal,13,4.76,0
48,II,Chemo,6,2.64,0
66,IV,Surgery,7,1.93,1
73,III,Chemo,0,3.95,1
78,II,Surgery,10,2.74,0
46,III,Surgery,1,1.9,1
39,III,Radiation,7,4.15,1
84,III,Radiation,11,4.4,1
78,II,Chemo,8,3.53,1
76,I,Surgery,3,0.71,0
41,I,Hormonal,11,3.05,0
45,I,Radiation,9,3.93,1
53,II,Hormonal,10,1.11,1
48,I,Chemo,9,1.53,0
37,II,Radiation,13,4.47,1
60,II,Radiation,8,0.59,0
50,I,Surgery,3,3.89,0
46,III,Chemo,9,2.63,1
52,II,Surgery,9,2.51,0
66,I,Radiation,9,0.53,0
83,III,Chemo,8,4.19,1
45,I,Radiation,10,2.12,0
35,III,Chemo,6,2.93,0
37,III,Radiation,1,3.55,1
54,II,Hormonal,8,3.66,0
47,III,Hormonal,3,4.8,0
54,II,Surgery,7,2.89,0
41,II,Hormonal,13,2.3,0
44,I,Radiation,6,4.79,1
55,I,Radiation,12,3.39,0
70,IV,Hormonal,14,1.84,1
74,II,Surgery,6,1.07,0
55,II,Hormonal,7,4.29,0
76,II,Chemo,0,2.13,0
61,II,Chemo,4,3.47,0
39,I,Chemo,1,2.62,0
45,II,Hormonal,1,1.4,0
36,III,Hormonal,14,3.21,1
46,I,Hormonal,0,0.77,0
52,I,Chemo,4,2.36,0
55,I,Surgery,1,2.96,0
50,II,Radiation,3,2.46,0
51,III,Hormonal,2,3.87,0
36,I,Surgery,2,4.23,0
43,I,Radiation,1,3.97,0
44,II,Radiation,12,0.67,0
82,III,Radiation,5,1.37,1
36,II,Surgery,1,2.91,0
38,II,Surgery,13,4.71,0
80,III,Chemo,13,4.26,1
77,II,Surgery,7,4.29,0
37,III,Surgery,7,1.86,1
79,III,Surgery,12,2.43,1
52,I,Radiation,13,2.62,0
58,I,Hormonal,11,1.21,0
47,I,Chemo,4,0.64,0
60,II,Hormonal,9,4.76,0
59,IV,Hormonal,6,1.58,1
81,II,Surgery,3,1.58,0
68,I,Chemo,0,0.88,0
64,III,Hormonal,10,4.68,1
47,II,Hormonal,1,3.11,0
71,I,Chemo,9,3.5,1
68,II,Surgery,9,4.6,0
46,II,Hormonal,3,2.06,0
43,III,Radiation,0,3.3,1
60,I,Hormonal,14,0.67,0
53,I,Radiation,12,1.34,0
64,II,Surgery,7,4.24,1
73,I,Hormonal,8,3.95,0
74,II,Chemo,3,2.08,0
63,II,Chemo,9,2.2,0
32,II,Hormonal,2,2.9,0
66,IV,Surgery,1,0.5,1
72,II,Surgery,4,1.59,0
69,I,Chemo,13,1.44,0
55,II,Hormonal,2,1.63,0
84,III,Surgery,9,4.13,1
52,III,Chemo,6,1.76,1
73,I,Radiation,10,1.36,0
68,IV,Hormonal,5,2.77,1
44,II,Radiation,0,4.4,0
78,I,Radiation,11,1.59,0
33,I,Surgery,7,0.85,0
58,I,Surgery,1,2.1,0
51,III,Surgery,4,3.86,1
54,I,Hormonal,8,2.98,0
42,I,Radiation,7,4.18,1
47,III,Hormonal,1,4.82,1
62,II,Surgery,8,4.07,0
45,I,Radiation,4,3.22,0
74,I,Hormonal,9,2.72,0
71,I,Hormonal,13,0.68,0
73,I,Chemo,5,4.93,0
31,II,Hormonal,12,2.23,0
84,I,Surgery,2,1.19,0
64,I,Hormonal,12,3.5,0
71,III,Radiation,2,1.78,0
63,II,Hormonal,9,3.14,1
59,II,Chemo,7,3.14,1
84,II,Radiation,10,2.51,0
42,II,Radiation,9,4.26,1
42,II,Chemo,9,1.69,0
47,II,Surgery,14,2.52,0
61,II,Radiation,11,2.92,0
61,IV,Surgery,1,3.49,1
64,I,Radiation,10,4.03,0
68,III,Radiation,11,2.28,1
75,I,Surgery,11,3.41,1
81,III,Radiation,1,1.18,1
58,II,Surgery,12,4.7,1
78,III,Chemo,4,2.22,0
58,I,Surgery,5,3.78,0
82,II,Chemo,11,0.59,0
73,II,Radiation,1,1.42,0
45,III,Surgery,14,2.69,1
73,II,Radiation,4,4.45,0
76,II,Surgery,6,2.87,0
39,II,Chemo,9,4.68,1
59,II,Chemo,9,2.68,0
54,II,Surgery,7,2.71,0
68,I,Chemo,11,1.04,0
49,IV,Radiation,6,4.11,1
34,III,Radiation,7,1.61,1
30,IV,Hormonal,13,4.55,1
59,I,Chemo,11,4.6,0
78,III,Radiation,8,4.74,1
32,III,Surgery,14,2.84,0
74,II,Chemo,4,3.55,0
43,II,Radiation,12,4.0,1
59,II,Chemo,4,1.09,0
79,III,Surgery,10,3.2,1
33,II,Radiation,9,0.65,0
47,I,Hormonal,3,2.74,0
66,II,Hormonal,12,1.2,0
54,IV,Chemo,8,1.32,1
77,III,Surgery,4,2.14,0
30,IV,Radiation,13,2.45,1
82,II,Surgery,1,3.3,0
75,I,Radiation,14,0.83,0
44,I,Chemo,9,2.77,0
38,I,Radiation,7,1.32,0
44,I,Surgery,14,3.08,1
78,II,Surgery,6,3.37,1
53,I,Chemo,7,3.01,1
33,II,Surgery,11,3.82,0
41,IV,Radiation,2,2.01,1
66,II,Chemo,14,3.94,1
66,III,Radiation,14,2.45,1
72,II,Surgery,3,2.68,0
35,I,Chemo,4,3.42,0
68,II,Radiation,5,0.58,0
75,I,Surgery,0,3.44,0
53,II,Surgery,3,3.28,0
40,II,Hormonal,10,1.89,0
42,I,Surgery,11,0.89,0
63,I,Radiation,9,0.91,0
54,II,Chemo,12,4.65,0
36,IV,Hormonal,4,3.6,1
81,III,Surgery,6,1.07,1
33,III,Surgery,12,2.11,1
37,I,Surgery,4,3.17,0
49,III,Radiation,12,4.26,1
58,III,Hormonal,12,0.7,0
83,II,Radiation,0,1.56,0
82,IV,Hormonal,10,4.5,1
80,II,Chemo,6,0.54,0
74,IV,Radiation,7,1.41,1
75,IV,Radiation,12,4.82,1
39,I,Chemo,6,3.26,1
72,II,Hormonal,10,1.68,0
63,IV,Surgery,13,0.8,1
55,I,Chemo,12,0.63,0
70,II,Surgery,14,1.6,0
78,IV,Surgery,3,4.47,1
32,II,Chemo,7,2.37,0
35,I,Hormonal,14,3.74,0
34,II,Surgery,4,4.63,0
34,I,Chemo,9,2.34,0
83,II,Radiation,8,1.36,0
76,I,Radiation,11,2.83,0
52,II,Radiation,11,4.59,1
78,II,Chemo,9,4.12,1
38,III,Radiation,4,0.8,0
64,II,Surgery,0,3.62,0
49,II,Radiation,11,3.07,1
78,II,Radiation,8,4.58,1
71,I,Surgery,11,1.05,0
64,II,Radiation,4,2.9,0
79,I,Surgery,5,4.46,0
47,IV,Radiation,3,2.35,1
46,I,Surgery,5,2.67,0
53,II,Radiation,11,0.82,0
32,II,Surgery,7,1.75,0
61,II,Chemo,2,1.96,0
64,I,Surgery,4,4.75,0
67,II,Radiation,1,1.77,0
42,II,Radiation,13,2.57,0
76,III,Hormonal,1,3.52,1
54,II,Surgery,12,1.23,0
38,II,Chemo,6,2.69,0
33,II,Surgery,9,3.82,0
43,II,Surgery,12,4.4,1
66,II,Chemo,9,3.32,0
63,II,Surgery,13,3.51,0
40,I,Chemo,10,1.07,0
70,I,Chemo,9,4.76,0
32,I,Surgery,5,1.1,0
57,I,Surgery,3,3.99,0
58,II,Radiation,4,1.69,0
38,II,Radiation,0,4.7,0
32,I,Hormonal,6,3.74,0
54,IV,Hormonal,7,3.89,1
63,I,Surgery,8,1.49,0
41,III,Chemo,7,2.49,1
71,II,Hormonal,4,3.28,0
38,II,Surgery,2,3.96,0
44,I,Hormonal,9,0.97,0
69,II,Chemo,10,4.83,0
54,II,Surgery,8,4.51,0
34,IV,Chemo,14,1.72,1
40,II,Surgery,5,4.2,0
63,IV,Hormonal,14,2.83,1
53,I,Radiation,4,2.58,0
44,III,Hormonal,12,1.91,1
67,II,Hormonal,2,3.11,0
37,III,Radiation,5,3.78,0
34,I,Radiation,2,2.35,0
77,II,Surgery,9,3.33,1
55,II,Surgery,11,3.65,0
47,III,Chemo,5,3.7,1
35,II,Chemo,3,0.73,0
66,III,Hormonal,14,4.37,1
77,I,Radiation,1,2.56,0
42,III,Chemo,7,1.68,1
57,III,Hormonal,3,1.59,0
34,III,Radiation,8,2.67,1
42,II,Surgery,6,4.49,0
46,II,Hormonal,11,2.2,0
79,IV,Surgery,1,3.87,1
69,I,Chemo,3,0.94,0
74,II,Chemo,4,2.64,0
61,II,Radiation,2,4.96,0
58,III,Hormonal,8,3.97,1
80,I,Surgery,12,1.45,0
32,II,Radiation,4,2.76,0
69,III,Chemo,1,1.55,0
63,I,Chemo,10,2.34,0
69,IV,Hormonal,2,4.01,1
56,I,Surgery,13,3.97,0
42,II,Hormonal,14,1.53,0
74,I,Surgery,8,4.65,1
62,I,Surgery,6,3.17,1
35,IV,Hormonal,1,2.21,1
53,II,Radiation,8,2.76,1
48,II,Hormonal,13,3.22,0
45,I,Hormonal,3,3.02,0
69,II,Chemo,12,2.69,0
57,II,Chemo,8,2.77,0
62,II,Hormonal,14,1.29,0
77,II,Hormonal,12,4.16,0
70,III,Chemo,1,2.94,1
42,II,Surgery,14,1.09,0
72,II,Hormonal,11,3.95,1
74,I,Radiation,9,4.7,0
54,III,Radiation,11,4.76,1
82,II,Radiation,3,2.16,0
71,II,Hormonal,4,1.11,0
65,I,Surgery,1,2.83,0
56,IV,Surgery,9,1.01,1
67,I,Chemo,0,4.7,0
36,III,Hormonal,6,1.33,1
34,II,Surgery,9,1.64,0
72,I,Hormonal,0,2.33,0
74,III,Chemo,10,2.22,1
80,II,Chemo,10,4.08,0
60,III,Chemo,7,2.55,1
52,IV,Radiation,2,1.27,1
71,III,Hormonal,13,1.7,1
39,I,Chemo,9,2.79,0
61,III,Hormonal,5,1.16,0
72,II,Radiation,6,3.25,1
82,III,Radiation,9,3.05,1
59,II,Chemo,0,3.72,0
68,III,Chemo,13,4.72,1
60,II,Surgery,5,4.61,0
47,II,Hormonal,6,4.76,0
65,I,Chemo,5,1.6,0
31,III,Surgery,3,1.09,0
43,II,Hormonal,0,1.86,0
42,II,Chemo,10,4.53,1
58,III,Surgery,8,4.87,1
41,II,Surgery,3,4.37,0
68,I,Hormonal,6,1.0,0
31,II,Surgery,6,4.76,1
61,II,Hormonal,1,2.41,0
42,II,Hormonal,0,0.54,0
75,I,Hormonal,7,2.49,0
56,I,Radiation,7,0.71,0
78,I,Surgery,6,2.95,0
70,III,Hormonal,13,2.02,1
46,I,Chemo,14,2.63,0
69,II,Radiation,14,3.26,0
60,IV,Radiation,14,4.41,1
63,I,Surgery,14,3.48,1
53,II,Hormonal,7,2.45,0
74,III,Surgery,2,4.19,1
64,IV,Radiation,10,4.58,1
